<?xml version="1.0" encoding="UTF-8"?>
<project-private xmlns="http://www.netbeans.org/ns/project-private/1">
    <editor-bookmarks xmlns="http://www.netbeans.org/ns/editor-bookmarks/2" lastBookmarkId="0"/>
    <open-files xmlns="http://www.netbeans.org/ns/projectui-open-files/2">
        <group>
            <file>file:/C:/Users/carlo/OneDrive/Documentos/Java/Ramirez_Ramirez_Carlos_001D_A/Ramirez_Ramirez_Carlos_001D_forma/MueblesParaHogar/src/mueblesparahogar/vista/MenuPrincipal.java</file>
            <file>file:/C:/Users/carlo/OneDrive/Documentos/Java/Ramirez_Ramirez_Carlos_001D_A/Ramirez_Ramirez_Carlos_001D_forma/MueblesParaHogar/src/mueblesparahogar/modelo/Mueble.java</file>
            <file>file:/C:/Users/carlo/OneDrive/Documentos/Java/Ramirez_Ramirez_Carlos_001D_A/Ramirez_Ramirez_Carlos_001D_forma/MueblesParaHogar/src/mueblesparahogar/modelo/Living.java</file>
            <file>file:/C:/Users/carlo/OneDrive/Documentos/Java/Ramirez_Ramirez_Carlos_001D_A/Ramirez_Ramirez_Carlos_001D_forma/MueblesParaHogar/src/mueblesparahogar/modelo/Comedor.java</file>
            <file>file:/C:/Users/carlo/OneDrive/Documentos/Java/Ramirez_Ramirez_Carlos_001D_A/Ramirez_Ramirez_Carlos_001D_forma/MueblesParaHogar/src/mueblesparahogar/modelo/Bistro.java</file>
            <file>file:/C:/Users/carlo/OneDrive/Documentos/Java/Ramirez_Ramirez_Carlos_001D_A/Ramirez_Ramirez_Carlos_001D_forma/MueblesParaHogar/src/mueblesparahogar/controlador/Inventario.java</file>
        </group>
    </open-files>
</project-private>
